{
    "italia": {
      "label": "Italia",
      "regions": {
        "Abruzzo": ["L'Aquila", "Teramo", "Pescara", "Chieti"],
        "Basilicata": ["Potenza", "Matera"],
        "Calabria": ["Catanzaro", "Cosenza", "Crotone", "Reggio Calabria", "Vibo Valentia"],
        "Campania": ["Avellino", "Benevento", "Caserta", "Napoli", "Salerno"],
        "Emilia-Romagna": ["Bologna", "Ferrara", "Forlì-Cesena", "Modena", "Parma", "Piacenza", "Ravenna", "Reggio Emilia", "Rimini"],
        "Friuli-Venezia Giulia": ["Gorizia", "Pordenone", "Trieste", "Udine"],
        "Lazio": ["Frosinone", "Latina", "Rieti", "Roma", "Viterbo"],
        "Liguria": ["Genova", "Imperia", "La Spezia", "Savona"],
        "Lombardia": ["Bergamo", "Brescia", "Como", "Cremona", "Lecco", "Lodi", "Mantova", "Milano", "Monza e Brianza", "Pavia", "Sondrio", "Varese"],
        "Marche": ["Ancona", "Ascoli Piceno", "Fermo", "Macerata", "Pesaro e Urbino"],
        "Molise": ["Campobasso", "Isernia"],
        "Piemonte": ["Alessandria", "Asti", "Biella", "Cuneo", "Novara", "Torino", "Verbano-Cusio-Ossola", "Vercelli"],
        "Puglia": ["Bari", "Barletta-Andria-Trani", "Brindisi", "Foggia", "Lecce", "Taranto"],
        "Sardegna": ["Cagliari", "Nuoro", "Oristano", "Sassari", "Sud Sardegna"],
        "Sicilia": ["Agrigento", "Caltanissetta", "Catania", "Enna", "Messina", "Palermo", "Ragusa", "Siracusa", "Trapani"],
        "Toscana": ["Arezzo", "Firenze", "Grosseto", "Livorno", "Lucca", "Massa-Carrara", "Pisa", "Pistoia", "Prato", "Siena"],
        "Trentino-Alto Adige": ["Bolzano", "Trento"],
        "Umbria": ["Perugia", "Terni"],
        "Valle d'Aosta": ["Aosta"],
        "Veneto": ["Belluno", "Padova", "Rovigo", "Treviso", "Venezia", "Verona", "Vicenza"]
      }
    },
    "francia": {
      "label": "Francia",
      "regions": {
        "Île-de-France": ["Paris (75)", "Seine-et-Marne (77)", "Yvelines (78)", "Essonne (91)", "Hauts-de-Seine (92)", "Seine-Saint-Denis (93)", "Val-de-Marne (94)", "Val-d'Oise (95)"],
        "Auvergne-Rhône-Alpes": ["Ain (01)", "Allier (03)", "Ardèche (07)", "Cantal (15)", "Drôme (26)", "Isère (38)", "Loire (42)", "Haute-Loire (43)", "Puy-de-Dôme (63)", "Rhône (69)", "Savoie (73)", "Haute-Savoie (74)"],
        "Provence-Alpes-Côte d'Azur": ["Alpes-de-Haute-Provence (04)", "Hautes-Alpes (05)", "Alpes-Maritimes (06)", "Bouches-du-Rhône (13)", "Var (83)", "Vaucluse (84)"],
        "Nouvelle-Aquitaine": ["Charente (16)", "Charente-Maritime (17)", "Corrèze (19)", "Creuse (23)", "Dordogne (24)", "Gironde (33)", "Landes (40)", "Lot-et-Garonne (47)", "Pyrénées-Atlantiques (64)", "Deux-Sèvres (79)", "Vienne (86)", "Haute-Vienne (87)"],
        "Occitanie": ["Ariège (09)", "Aude (11)", "Aveyron (12)", "Gard (30)", "Haute-Garonne (31)", "Gers (32)", "Hérault (34)", "Lot (46)", "Lozère (48)", "Hautes-Pyrénées (65)", "Pyrénées-Orientales (66)", "Tarn (81)", "Tarn-et-Garonne (82)"],
        "Bretagne": ["Côtes-d'Armor (22)", "Finistère (29)", "Ille-et-Vilaine (35)", "Morbihan (56)"],
        "Normandie": ["Calvados (14)", "Manche (50)", "Orne (61)", "Eure (27)", "Seine-Maritime (76)"],
        "Hauts-de-France": ["Aisne (02)", "Nord (59)", "Oise (60)", "Pas-de-Calais (62)", "Somme (80)"],
        "Grand Est": ["Ardennes (08)", "Aube (10)", "Marne (51)", "Haute-Marne (52)", "Meurthe-et-Moselle (54)", "Meuse (55)", "Moselle (57)", "Bas-Rhin (67)", "Haut-Rhin (68)", "Vosges (88)"],
        "Centre-Val de Loire": ["Cher (18)", "Eure-et-Loir (28)", "Indre (36)", "Indre-et-Loire (37)", "Loir-et-Cher (41)", "Loiret (45)"],
        "Pays de la Loire": ["Loire-Atlantique (44)", "Maine-et-Loire (49)", "Mayenne (53)", "Sarthe (72)", "Vendée (85)"],
        "Bourgogne-Franche-Comté": ["Côte-d'Or (21)", "Doubs (25)", "Jura (39)", "Nièvre (58)", "Haute-Saône (70)", "Saône-et-Loire (71)", "Yonne (89)", "Territoire de Belfort (90)"],
        "Corse": ["Corse-du-Sud (2A)", "Haute-Corse (2B)"]
      }
    },
    "spagna": {
      "label": "Spagna",
      "regions": {
        "Andalucía": ["Almería", "Cádiz", "Córdoba", "Granada", "Huelva", "Jaén", "Málaga", "Sevilla"],
        "Aragón": ["Huesca", "Teruel", "Zaragoza"],
        "Asturias": ["Asturias"],
        "Islas Baleares": ["Islas Baleares"],
        "Canarias": ["Las Palmas", "Santa Cruz de Tenerife"],
        "Cantabria": ["Cantabria"],
        "Castilla-La Mancha": ["Albacete", "Ciudad Real", "Cuenca", "Guadalajara", "Toledo"],
        "Castilla y León": ["Ávila", "Burgos", "León", "Palencia", "Salamanca", "Segovia", "Soria", "Valladolid", "Zamora"],
        "Cataluña / Catalunya": ["Barcelona", "Girona", "Lleida", "Tarragona"],
        "Extremadura": ["Badajoz", "Cáceres"],
        "Galicia": ["A Coruña", "Lugo", "Ourense", "Pontevedra"],
        "Madrid": ["Madrid"],
        "Murcia": ["Murcia"],
        "Navarra": ["Navarra"],
        "La Rioja": ["La Rioja"],
        "País Vasco / Euskadi": ["Álava", "Gipuzkoa", "Bizkaia"],
        "Valencia / Comunitat Valenciana": ["Alicante / Alacant", "Castellón / Castelló", "Valencia"]
      }
    }
  }
  